,precision,recall,f1-score,support
help,0.9873949579831933,0.9437751004016064,0.9650924024640657,249.0
stop,0.9868421052631579,0.9336099585062241,0.9594882729211087,241.0
call,0.7752442996742671,0.99581589958159,0.8717948717948718,239.0
ok,1.0,0.9224489795918367,0.9596602972399151,245.0
mute,0.9856459330143541,0.8803418803418803,0.9300225733634312,234.0
accuracy,0.9354304635761589,0.9354304635761589,0.9354304635761589,0.9354304635761589
macro avg,0.9470254591869945,0.9351983636846274,0.9372116835566786,1208.0
weighted avg,0.9475288310047556,0.9354304635761589,0.9376206219679935,1208.0
