{
  "accuracy": 0.9401993355481728,
  "precision_macro": 0.94387213675648,
  "recall_macro": 0.9402909997879002,
  "f1_macro": 0.9407692634108509
}