{
  "accuracy": 0.9354304635761589,
  "precision_macro": 0.9470254591869945,
  "recall_macro": 0.9351983636846274,
  "f1_macro": 0.9372116835566786
}